﻿<parameters>
  <parameter name="IIS Web Application Name" defaultValue="Default Web Site/Fintrak.Presentation.WebClient_deploy" tags="IisApp">
    <parameterEntry kind="ProviderPath" scope="IisApp" match="^C:\\SCB_PI_360\\S\.T\.E\.R\.L\.I\.N\.G\ \ \ I\.F\.R\.S\.9\\Presentation\\Fintrak\.Presentation\.WebClient\\obj\\Release\\Package\\PackageTmp$" />
    <parameterEntry kind="ProviderPath" scope="setAcl" match="^C:\\SCB_PI_360\\S\.T\.E\.R\.L\.I\.N\.G\ \ \ I\.F\.R\.S\.9\\Presentation\\Fintrak\.Presentation\.WebClient\\obj\\Release\\Package\\PackageTmp$" />
  </parameter>
  <parameter name="ADConnectionString-Web.config Connection String" defaultValue="LDAP://fintrak.com/DC=fintrak,DC=com">
    <parameterEntry kind="XmlFile" scope="C:\\SCB_PI_360\\S\.T\.E\.R\.L\.I\.N\.G\ \ \ I\.F\.R\.S\.9\\Presentation\\Fintrak\.Presentation\.WebClient\\obj\\Release\\Package\\PackageTmp\\Web\.config$" match="/configuration/connectionStrings/add[@name='ADConnectionString']/@connectionString" />
  </parameter>
  <parameter name="Fintrak.Shared.AuditService.DataContext-Web.config Connection String" defaultValue="Fintrak.Shared.AuditService.DataContext_ConnectionString">
    <parameterEntry kind="XmlFile" scope="C:\\SCB_PI_360\\S\.T\.E\.R\.L\.I\.N\.G\ \ \ I\.F\.R\.S\.9\\Presentation\\Fintrak\.Presentation\.WebClient\\obj\\Release\\Package\\PackageTmp\\Web\.config$" match="/configuration/connectionStrings/add[@name='Fintrak.Shared.AuditService.DataContext']/@connectionString" />
  </parameter>
  <parameter name="FintrakCoreDBConnection-Web.config Connection String" defaultValue="Data Source=.\FINTRAKSQL2016;Initial Catalog=FinTrakCoreDB;User =sa;Password=sqluser10$;Integrated Security=False">
    <parameterEntry kind="XmlFile" scope="C:\\SCB_PI_360\\S\.T\.E\.R\.L\.I\.N\.G\ \ \ I\.F\.R\.S\.9\\Presentation\\Fintrak\.Presentation\.WebClient\\obj\\Release\\Package\\PackageTmp\\Web\.config$" match="/configuration/connectionStrings/add[@name='FintrakCoreDBConnection']/@connectionString" />
  </parameter>
  <parameter name="FintrakDBConnection-Web.config Connection String" defaultValue="Data Source=.\FINTRAKSQL2016;Initial Catalog=FintrakDBMerchant;User =sa;Password=sqluser10$;Integrated Security=False;MultipleActiveResultSets=True">
    <parameterEntry kind="XmlFile" scope="C:\\SCB_PI_360\\S\.T\.E\.R\.L\.I\.N\.G\ \ \ I\.F\.R\.S\.9\\Presentation\\Fintrak\.Presentation\.WebClient\\obj\\Release\\Package\\PackageTmp\\Web\.config$" match="/configuration/connectionStrings/add[@name='FintrakDBConnection']/@connectionString" />
  </parameter>
  <parameter name="FintrakLogDBConnection-Web.config Connection String" defaultValue="Data Source=.\FINTRAKSQL2016;Initial Catalog=FintrakLogDB;User =sa;Password=sqluser10$;Integrated Security=False">
    <parameterEntry kind="XmlFile" scope="C:\\SCB_PI_360\\S\.T\.E\.R\.L\.I\.N\.G\ \ \ I\.F\.R\.S\.9\\Presentation\\Fintrak\.Presentation\.WebClient\\obj\\Release\\Package\\PackageTmp\\Web\.config$" match="/configuration/connectionStrings/add[@name='FintrakLogDBConnection']/@connectionString" />
  </parameter>
</parameters>